{
  "controller/View1.controller.js.map": 1732769725062,
  "Component.js": 1732768356111,
  "controller/View1.controller.js": 1732768707747,
  "controller/App.controller.js": 1732768356119,
  "manifest.json": 1732769724923,
  "model/models.js": 1732768356115,
  "controller/App-dbg.controller.js": 1732768356119,
  "controller/App.controller.js.map": 1732769725049,
  "controller/View1-dbg.controller.js": 1732768707747,
  "i18n/i18n.properties": 1732768356115,
  "Component-dbg.js": 1732768356111,
  "Component.js.map": 1732769725060,
  "model/models-dbg.js": 1732768356115,
  "model/models.js.map": 1732769725057,
  "Component-preload.js": 1732769725123,
  "Component-preload.js.map": 1732769725123,
  "view/View1.view.xml": 1732768648603,
  "view/App.view.xml": 1732768356123,
  "css/style.css": 1732768356119,
  "index.html": 1732768356111
}